data_id, sku_id, title,flag
562341556739,3534339325513, RYO/吕 红吕洗发水 ,N
576115315055,4103538865594, 阿道夫 轻柔丝滑洗发水 ,N
525333079159,4133337153141, 阿道夫 洗护沐(祛屑+护发+魅力) ,N
559700412783,3658034054756, 【直营】RYOE 黄吕 防脱固发滋养洗发水 500毫升*3瓶 ,N
589190438938,4022913176559, CLEAR/清扬 去屑净透洗发露(海藻菁萃型) ,N
538971274196,3993313125739, 包邮CLEAR/清扬去屑洗发露樱花沁爽型洗发水男女士樱花香氛1000克 ,N
527895746499,3936212892497, 清扬去屑洗发水露樱花香氛持久留香洗头膏男女士旗舰店官方旗舰 ,N
560319367153,4018586484708, 沙宣 臻养裸感洗发水2支装 ,N
520807771447,3819337438958, 联合利华多芬密集滋养修护洗发水精华护发素男女士正品700ml*2 ,N
528278617580,3144262559117, L＇oreal/欧莱雅 男士去屑洗发露(薄荷酷爽) ,N
529055075035,3150693663488, L＇oreal/欧莱雅 男士去屑洗发露(氨基酸养护) ,N
546606413632,3424591768820, Dove/多芬 密集滋养修护洗发乳 ,N
521736799524,3111573853486, 霸王 防脱洗发液滋润调理型 ,N
575053770486,3959864707953, 沙宣 沙宣养根韧发裸感洗发水 ,N
545947000081,4161389368434, SEEYOUNG/滋源 生姜劲能强韧养护洗头水(男士) ,N
39280073498,73572708230, 欧莱雅洗发水男女去屑止痒控油无硅洗发露护发素600ml*2洗护套装 ,N
532059389990,3174095546129, 霸王 无患子平衡控油洗发液 ,N
583275098441,4611686601702486345, 【大油头】triptychoflune三谷氨基酸洗发水护发素套装女控油无硅 ,N
561911693317,3524439372135, 霸王 霸王乌发固发洗发液1L ,N
589655349740,4033009320544, 芭思蔻氨基酸香水洗发水露护发素蓬松清爽控油去屑止痒洗护女套装 ,N
596743676727,4154892653401, 日本花王Merit儿童洗发水新生儿弱酸性无硅油泡沫洗发水300ml*2瓶 ,N
570891096857,4153287057827, 【贝亲官方专卖店】贝亲桃叶精华婴儿洗发水沐浴露二合一500ml ,N
583275482911,4611686601702870815, 【烫染枯】triptychoflune三谷氨基酸洗发水护发素套装深层修护女 ,N
576891611014,3800650093636, 潘婷洗发水大于1000ml正品乳液修护去屑止痒控油旗舰店官方旗舰 ,N
594203333226,4283929163915, 小苍兰洗发水香味持久留香水男女去屑控油止痒护发素沐浴露套装膏 ,N
532906826419,3667852226170, 丝域（化妆品） 头皮清洁乳 ,N
575242550232,3772778357688, HairRecipe发之食谱无花果无硅油控油去油洗发水护发素530套装 ,N
535908343223,4164364698307, 多芬洗发水滋养水润修护700ml洗发乳护发素套装男女士洗护套包邮 ,N
547167298636,3319628600388, 【屈臣氏】施华蔻beology赋芮深海臻润洗护套装（洗发+润发)400ml ,N
527093328880,3136051162657, 伊卡璐 洋甘菊修护柔亮无硅油洗发露 ,N
579212606320,4611686597639994224, 杨幂力荐Lux力士桃花沁香洗发水护发素男女士套装500ml*2 ,N
586674056395,3987448444398, 满婷 满婷洗发水 ,N
540713116041,3809212093643, 多芬滋养洗发水洗发露液洗头膏护发素持久留香家庭套装男女士正品 ,N
536238585235,3644320488701, Selsun 去屑洗发水-通用型 ,N
540205144123,3254268233430, 徽歌 小黑裙香水洗发水+沐浴露 ,N
39242557794,4151006851275, COCOESSENCE/遇见香芬 水润蛋白滋养双效香芬洗发露 ,N
557504582684,3456472112375, 日本熊野油脂去屑男女柔顺顺滑洗发水修复干枯毛躁护发素套装正品 ,N
591765706530,4237473951509, Hair Recipe发之食无硅油无花果/蜂蜜/苹果姜/扁桃仁洗发水280ml ,N
557116302419,4002494777525, 澳宝 香氛洗发精华乳(红参健发强韧） ,N
579198871964,4110025179911, 韵の堂 薑黄防脱洗发露 ,N
564712087783,4611686583139475687, 丝域姜暖洗发露洗发水护发素套装滋养头皮强韧发根男女士生姜控油 ,N
580134440098,4088142684342, 润丝丹 首邦防脱育发液（洗） ,N
527069560415,3136667113014, HAIR RECIPE 蜂蜜杏仁滋润保湿无硅油 ,N
19662049951,3181712276222, 草方 祛屑套装 ,N
591426485383,4062209872373, 丝蕴无硅水润洗发水套装750ml*2无硅油家庭装洗发露女控油护发素 ,N
550161505425,3514956366663, 利尻昆布 白发用植物染发香波 ,N
571948426836,3710047636442, PAHKEN/帕克 女人香洗发水加护发素 ,N
569124086151,4611686587551474055, Aussie袋鼠丰盈洗发水300ml+护发素250ml进口套装蓬松女 ,N
535689516310,3823710550656, Difaso/蒂花之秀 奢养修护洗发萃乳(臻宠修护深润去屑) ,N
540205500414,3244062385335, 霸王 生姜洗发水 ,N
580903011549,4041599431912, Sivia/仙维娜 橄榄去屑焗油洗发露350ml ,N
547261649117,4300999594528, 阿迪达斯男士控油去屑洗发露膏400ml沐浴露洗发水洗浴二合一套装 ,N
587718628359,4611686606146016263, 屈臣氏日本进口amino mason氨基酸洗发水头皮去屑樱花洗护套装 ,N
555743611042,3820212785046, 采乐 酮康采乐去屑洗发露 ,N
593921889245,4279002027455, RYOE/吕 洗发水 ,N
551114936801,4286123802286, TSUBAKI/丝蓓绮 滢艳润养洗发露 ,N
520459564438,3881144214779, A’Gensn/安安金纯 洗发露沐浴露 ,N
577925352214,4122125303040, 力士香氛洗发水春日桃花沁香香氛洗发乳500ml/750ML男女士洗发露 ,N
569775719746,3860433583052, 原野 原野一分钟干洗喷雾-新 ,N
40856908517,3651249577996, 好迪男女去屑止痒洗发水沐浴露套装家庭装洗发露持久留香柔顺修护 ,N
37603305991,3807434856025, 阿道夫 祛屑止痒洗发水+沐浴露 ,N
571179053406,3863202383639, Schwarzkopf/施华蔻 多效修护19洗发露 ,N
40844642442,62012650056, 施华蔻水凝胶原修护补水洗发露男女洗头膏洗发水护发素套装1000ml ,N
45487548204,3637931307339, KERASTASE/卡诗 绚亮深度护色洗发水 ,N
575698483388,3779113197297, KERASTASE/卡诗 绚色恒护洗发水 ,N
37367825227,3430146852180, 阿道夫 净澈清爽洗发乳液420ml ,N
12476087965,4124662873878, 海飞丝 去屑洗发露护根防掉型 ,N
520672294884,3103169033736, RYO/吕 吕舒盈清润舒缓去屑洗发水 ,N
576927404733,4611686595354792637, RYO/吕 129 ,N
583080505353,4089971671288, 海飞丝 恬雅清新去屑洗发露 ,N
14972019914,77080483589, 海飞丝 去屑清爽去油型 ,N
592981889210,4316542978968, 清扬男士去屑活力运动薄荷洗发水500g*2+100g ,N
543501944655,4611686561929332559, 欧莱雅美发透明质酸水润去头屑控油洗发水露润发乳套装 无硅油 ,N
539146196494,4611686557573584398, 欧莱雅美发多效修复洗发水润发乳护发素套装 改善干枯毛燥分叉 ,N
559042765613,3480845416868, 海飞丝袋装洗发水男士小包装官方控油去屑止痒旗舰店洗头露膏正品 ,N
561436086990,3723594324463, 海飞丝洗发水露丝质柔滑型男女士去屑家庭装清爽洗头膏700ml包邮 ,N
522047046978,3109663784849, 清扬男士去屑洗发活力运动薄荷500ml+凌仕男士沐浴露契合600ml ,N
39066944280,4200970326700, CLEAR/清扬去屑控油洗发水控油平衡型洗发露男女通用1千克洗发乳 ,N
523274614254,3115187481650, CLEAR/清扬 女士去屑洗发露深度滋养型 ,N
536647385609,3203210074355, tamanohada 洗发水 ,N
558532290839,3689039388277, 法国Rene Furterer馥绿德雅进口防脱发洗发水洗发露250ml*2瓶 ,N
571882367735,3706529260773, 资生堂ADENOGEN洗护套装 滋润型洗发水+护发素400mlx2瓶 强根固发 ,N
549432637517,3811602326957, CLEAR/清扬 男士去屑净透洗发露(海藻菁萃型) ,N
527763014011,3150342357254, L'OREAL欧莱雅男士炭爽活泉洗发水套装去头屑洗发露无硅油200ml*2 ,N
529046199924,3150930738191, L＇oreal/欧莱雅 男士去屑洗发露(维他强韧） ,N
36881195916,4611686055308583820, VS沙宣修护水养洗发露套装750ml*2水润改善毛躁干枯受损洗发水 ,N
541913465493,4611686560340853397, VS沙宣水润去屑洗发水400ml+200ml套装止痒洗发露去屑头皮屑男女 ,N
37251152574,62951143625, L＇oreal/欧莱雅 沙龙洗护系列油脂平衡洗发水 ,N
583275482911,4611686601702870815, 【烫染枯】triptychoflune三谷氨基酸洗发水护发素套装深层修护女 ,N
591765706530,4237473951509, Hair Recipe发之食无硅油无花果/蜂蜜/苹果姜/扁桃仁洗发水280ml ,N
44148541336,79308409472, 【屈臣氏】组合 资生堂惠润洗发露(绿野芳香)600毫升*2件 ,N
574972956137,3987573129553, HAIR RECIPE Hair Recipe发之食谱蜂蜜富养水润无硅油水果洗发水530ml+530g进口 ,N
41194698335,69502727169, 【屈臣氏】施华蔻多效修护快捷旅行套装(洗发50ml+护发50ml)*2件 ,N
564190884990,4172861670119, COCOVEL/蔻露薇 水润蛋白滋养双效洗发乳 ,N
577136955682,4056163218567, 迷迭香硫磺软膏除螨洗发水男女去大块头皮屑去屑止痒控油神器克星 ,N
569324922006,3652039413404, AUSSIE/澳丝 奇迹丰盈洗发露 ,N
583737275600,4096153622051, COLAR/卡拿 姜康十三味 ,N
555889348198,3715085729319, 满婷 青花椒头皮养护洗发露 ,N
552721612002,4611686571148999906, 强生婴儿儿童活力亮泽洗发露200mlx2 儿童柔顺无泪洗发水公主女孩 ,N
588497966597,4184946019989, 魔香 迷迭香控油洗发水 ,N
579726486986,4021141910420, Moroccanoil/摩洛哥油 摩洛哥油洗护500ml ,N
27247132576,4085962451629, oba/欧芭 香草SPA48小时高营养洗发乳霜 ,N
525153113253,3125734261382, 多芬洗发水露洗头膏樱花沐浴露乳液护发素套装持久留香家庭装男女 ,N
45319533054,90513759056, 资生堂无硅油洗发水2瓶惠润柔净绿野芳香男女士洗发露600ml*2瓶 ,N
572895896559,3734621660925, 巴登魔瓶 生姜强根健发洗发水 ,N
579269215770,4011779682265, 施华蔻8金纯盈润精油洗发水洗发露无硅油600ml*2瓶装 ,N
540785614365,4611686559213002269, 蜂花正品无硅油洗发水生姜健发小麦蛋白柔顺护发素组合装洗护套装 ,N
536624768654,3202769054941, L’Oreal professionnel/巴黎欧莱雅沙龙专属 ,N
588485764679,4186372550135, 韵の堂 淘米水臻萃养发系列 ,N
588615185397,4302869955949, 满婷 满婷青花椒头皮养护洗发乳（无硅油配方） ,N
583195142998,3918988180414, Schwarzkopf/施华蔻 金致润养精油洗发露 ,N
539892455319,4167236591335, 丝域（化妆品） 暖姜洗发露 ,N
520775766013,4611686539203153917, SEEYOUNG/滋源 生姜强根健发尊享套(油性头皮适用) ,N
589636809515,4032555504047, KONO顺滑轻盈洗发水套装洗发水顺滑洗发露女生滋润秀发抚顺毛躁 ,N
18882926752,4611686037310314656, 卓蓝雅无硅油生姜洗发水护发素抖音防脱发控油柔顺洗头膏洗护套装 ,N
41122330248,3878207468749, 遇见香芬COCO洗发水护发素沐浴露洗护沐浴三件套装非修复干枯毛躁 ,N
575177225216,3939276694517, Christophe Robin 海盐舒缓头皮洁净霜 ,N
545122240521,4023027774014, DOMELAY/朵美莱 滋润丝滑洗发露 ,N
588794805367,4190444975453, VS沙宣垂坠质感洗发水750ml洗发露男女通用洗头膏滋润发丝 ,N
591801149705,4238230030663, triptychoflune三谷氨基酸无硅油洗发水护发素套装女士控油滋养 ,N
536067437440,3203174989460, amos/爱茉诗 绿茶防脱发洗发水（油性） ,N
528890318835,3220094549646, 日本熊野油脂无硅马油弱酸性防脱控油保湿男女洗发水2瓶 原装进口 ,N
527649071645,3584076403215, 好迪 好迪活力清爽控油洗发水+保湿滋润沐浴露 ,N
576812448977,3804372528451, George caroll/乔治卡罗尔 乔卡男士单身狗洗发水 ,N
581280073059,4290007123135, 魔香 女人香滋润顺滑洗发水 ,N
593845357701,4277673267179, Aussie袋鼠凝雾去油蓬松蓬蓬洁净便携免洗头发喷雾干发清爽女65ml ,N
528722020461,3200381786626, 日本熊野油脂无添加去屑控油止痒防脱健发孕妇可用洗发水护发套装 ,N
548220756480,3870014848627, 徽歌 女人香深层补水洗发水 ,N
544375525018,4611686562802912922, Moroccanoil摩洛哥精油丰盈洗发水护发素套装持久蓬松控油留香 ,N
544414632679,4020914676749, Adidas/阿迪达斯 控油劲爽男士去屑洗发露 ,N
557856434093,4032458204245, YUNEGISH/优妮 马油洗发水 ,N
523158712821,3114350431585, 发雅丝 姜医生控油清爽洗发露 ,N
587216440999,3995651272378, 正品黑裙香水型洗发水护发素沐浴露套装女士香味持久留香去屑膏小 ,N
538830710970,3231700601976, 徽歌 小黑裙香水洗发水 ,N
536974652292,4329809527745, SOMANG/所望 头皮护理植物洗发水 ,N
574851036498,4215635043231, 三个魔发匠 香水滋润柔顺洗发乳 ,N
556717824225,4021520405321, botanist 柔顺洗发水 ,N
39024068460,4088522151195, 琴叶 生姜疗发去屑洗发水 ,N
571041485451,4242751678899, 强生儿童洗发水6-12柔顺3-15岁男女孩大童小孩专用洗头膏正品女童 ,N
37752005107,4116047568050, The Face Shop/菲诗小铺 梦中邂逅香水洗发水 ,N
544860653343,4611686563288041247, 施华蔻维他命护发无硅油清爽蓬松洗发水洗发露洗头膏套装官方1L ,N
538675334566,4611686557102722470, 施华蔻斐丝丽睡莲清爽香水洗发水滋养洗发露套装官方1360ml ,N
38232631624,3974979522221, 阿道夫 净澈清爽洗发乳液 ,N
575858525278,3784138668924, 海飞丝无硅油去屑止痒控油洗发水液露套装洗发膏男女正品450ml*3 ,N
520307050786,3101489472074, L'OREAL /欧莱雅 透明质酸水润72h洗发露 ,N
545152571565,3451116562546, 海飞丝 去屑洗发露(怡神冰凉型) ,N
2850871799,4033823417915, 海飞丝 去屑洗发露深层洁净型 ,N
560707311429,3504638460169, RYO/吕 舒盈清润净澈去屑洗发水 ,N
548343640359,3491977179447, L＇oreal/欧莱雅 茶树植萃去屑1分钟头皮深层净彻凝胶 ,N
575581122672,3786109012460, 海飞丝洗发水露丝质柔滑5ml*100袋旅行装5毫升去屑小包袋装洗头膏 ,N
560489824228,4611686578917212132, 【官方正品】绿吕控油蓬松清爽男士无硅油洗发水组合女清香400g*2 ,N
45418218682,3552222452751, KERASTASE/卡诗 奥丽顺柔洗发水 ,N
586726059434,4611686605153447338, 海飞丝防脱发洗发水青春男士女套装护根防掉焕活乳精华官方旗舰店 ,N
535919649838,3662705722930, KERASTASE/卡诗 丝韧焕活洗发水 ,N
41719418888,4611686060146806792, 欧莱雅美发多效修复洗发水套装400ml*2 强韧发丝减少分叉改善干枯 ,N
41920234537,4031387317180, 包邮清扬洗发水男士去屑活力运动薄荷型洗发露套装洗发乳液1千克 ,N
520825791128,3644305928218, CLEAR/清扬 男士去屑洗发露活力运动型 ,N
538874286214,3220308945072, 日本百年TAMANOHADA玉肌进口无硅油洗发水+护发素洗护套装 2瓶 ,N
551628101067,4179554054681, AUSSIE 丰盈蓬松洗发水 ,N
579481812802,4611686597909200706, 清扬洗发水 男士去屑洗发露清爽控油型500g+100g*2 ,N
532069301237,3173583531529, CLEAR/清扬 去屑洗发露(清新净透型) ,N
18907787236,3644944544283, 联合利华清扬多效水润男女士洗发水/露去头屑留香官方正品500g*2 ,N
532905438626,4611686551332826530, VS沙宣洗发露套装 清盈顺柔洗发水750ml*2 男士女士深度清洁 ,N
566056594986,4028773295283, L＇oreal/欧莱雅 沙龙洗护系列油脂平衡洗发水 ,N
43117310948,74763685224, 【屈臣氏】潘婷CLINICARE染烫损伤修护洗发露/水润发乳套装600ml ,N
574975700156,3770931356007, Hair Recipe发之食谱无花果无硅油控油去油洗发水护发素280套装 ,N
533668101886,3183162313309, 【屈臣氏】施华蔻辣木籽净透无硅洗发露600ml*2发丝清爽洗发水 ,N
520454715679,3593617839906, 施华蔻羊绒脂滋养洗发水露乳洗头膏套装染烫受损修护理女 ,N
36940537022,4611686055367924926, VS沙宣洗发水护发素套装修护水养洗发露+护发素750ml滋润烫染 ,N
566673362719,3846845393380, 满婷 清满修护洗发露 ,N
592239840895,4080202488565, 牛蒡根迷迭香洗发水去螨虫除螨控油去屑止痒非离子柔亮轻奢洗头膏 ,N
575896638524,4611686594324026428, Aussie白袋鼠洗发水修护护发洗护套装 女改善毛躁洗头膏素发膜 ,N
588254061135,4182379627764, SHISEIDO PROFESSIONAL/资生堂专业美发 护理道 芳氛头皮护理 净透控油洗发 ,N
39957648957,3371341053779, 汉喜 荷塘月色精华无硅油洗发水 ,N
576380165283,4320426394154, 霸王乌发固发防脱发洗发水黑发柔顺修复枯黄白发男女士洗头膏正品 ,N
587776723116,4611686606204111020, Amino Mason 牛油果氨基酸滋润型洗护套组450ml ,N
574201689729,4611686592629077633, ?美国belli孕妇洗发水孕妇专用洗护怀孕期用品氨基酸深度清洁然天 ,N
19755177906,61556979709, Schwarzkopf/施华蔻 水漾精华滋养洗发水 ,N
540232513871,3761922912337, FORSHINE 5/花香5 TPA75-3(H) ,N
538861946704,3869649836602, Batiste/碧缇丝 免水洗发喷雾（柔亮金棕） ,N
574201689729,4611686592629077633, ?美国belli孕妇洗发水孕妇专用洗护怀孕期用品氨基酸深度清洁然天 ,N
19755177906,61556979709, Schwarzkopf/施华蔻 水漾精华滋养洗发水 ,N
540232513871,3761922912337, FORSHINE 5/花香5 TPA75-3(H) ,N
538861946704,3869649836602, Batiste/碧缇丝 免水洗发喷雾（柔亮金棕） ,N
575248270931,4074601130819, HAIR RECIPE/发の食谱 苹果姜滋养修护洗发水280ml ,N
536707593368,3203669294598, L’Oreal professionnel/巴黎欧莱雅沙龙专属 丝泉净化洗发水 ,N
567967235110,3985920315709, Beaver/博柔 摩洛哥油洗发露 ,N
582758552694,4087377091345, 联合利华力士小晶钻樱花之恋无硅油洗发水+护发精华素套装450ml*2 ,N
577327540920,3983790979475, PAHKEN/帕克 迷迭香非离子洗发水护发素加沐浴露 ,N
566603826549,4113868736846, 维特丝 香水香芬柔顺洗发乳 ,N
552573888914,3758296243410, 霸王育发防脱发生姜洗发水控油增发密发男女姜汁增长液旗舰店官网 ,N
572493188327,3728586613495, 韩国进口Ryo紫吕洗发水中草药防脱润发固发男女士滋养控油400ml*2 ,N
594093519188,4289637831385, 日本amino mason氨基酸樱花洗发水护发素限定套装官方正品450ml*2 ,N
42347844375,70756466629, Shiseido/资生堂 护理道芳氛头皮护理洗发露 ,N
522748652170,3152853464149, 力士洗发水液露洗头膏护发素沐浴露乳持久留香家庭套装男女士正品 ,N
582196556262,4134645175295, 徽歌 艾草汁滋润洗发水 ,N
570287483970,3837419338638, Tesori d’Oriente 水莲花 盈润滋养洗发乳 ,N
545249312013,4611686563676699917, 贝亲泡沫沐浴露+泡沫洗发精500ml 婴儿洗发沐浴用品IA117 ,N
565555529064,4276538614696, COCOESSENCE/遇见香芬 男士旷世经典古龙洗发露 ,N
570653853587,3683265972771, Matin Rosie/玛汀露丝 法国香氛柔顺丝滑洗发乳液 ,N
533908823646,3271249521649, MAYWUFA/美吾发 玫瑰精油洗发露 ,N
572249712360,3890177827317, 香馜 香氛洗发乳 ,N
38267220332,4210630706520, Sivia/仙维娜 橄榄去屑柔顺洗发露 ,N
23957184564,77664371006, 章光101 101瑞丝防脱香波 ,N
534767220591,3741891355987, SUKIN 清爽净化洗发水 ,N
575934888395,4112862540694, 和风雨 柔顺清爽无硅油洗发水 ,N
583276462115,3923183145340, TriptychOfLune/三谷 悦动牙买加洗发水 ,N
539999358316,3833122889608, Batiste/碧缇丝 经典洁净免水洗发喷雾 ,N
539336317419,3231379761464, 六神无硅油洗发水洗发露450mlX2去屑控油清爽男女通用家庭装包邮 ,N
564406747102,4230616671472, Selsun 去屑洗发水-强效型 ,N
557457645033,3457237673073, 熊野油脂 沙龙植物洗发水 ,N
585117407751,3981503592586, 头皮毛囊炎去大块头皮屑药神器硫磺软膏除螨去头螨去屑止痒洗发水 ,N
39947616926,3867289313640, 资生堂洗护套装 丝蓓绮奢耀柔艳洗发水护发素750ml*2改善暗哑干枯 ,N
587530961617,4168747287144, 丝路瑰宝 芙缇生姜防脱育发洗发水 ,N
45237724757,3139730370834, JANESE/珍妮诗 清爽止痒二合一洗发露 ,N
539322097858,3938582373429, 艾诗沐浴露洗发水套装持久留香无硅油去屑止痒保湿滋润家庭装优雅 ,N
563729351380,4255759482770, 采乐酮康正品非康王洗发水去屑止痒控油神器男女士旗舰店官方旗舰 ,N
595351333805,4302322478989, 魔香小苍兰洗发水护发素沐浴露套装女男持久留香家庭装洗护网红款 ,N
536645917443,3859037461496, 采乐 香水祛屑洗发露 ,N
580737999021,3870649065315, PAHKEN/帕克 芙缇生姜防脱育发洗发水 ,N
37367825227,3430146852180, 阿道夫 净澈清爽洗发乳液420ml ,N
534680353211,4611686553107741115, 施华蔻斐丝丽雏菊香氛洗发水润发乳清爽男女士官方洗护套装1360ml ,N
529721739788,3209321270684, 施华蔻男士洗发水防掉发调理修护针对细弱易掉发质洗发露450ml ,N
38232631624,3974979522221, 阿道夫 净澈清爽洗发乳液 ,N
575858525278,3784138668924, 海飞丝无硅油去屑止痒控油洗发水液露套装洗发膏男女正品450ml*3 ,N
520307050786,3101489472074, L'OREAL /欧莱雅 透明质酸水润72h洗发露 ,N
545152571565,3451116562546, 海飞丝 去屑洗发露(怡神冰凉型) ,N
2850871799,4033823417915, 海飞丝 去屑洗发露深层洁净型 ,N
583520997166,4611686601948385070, 【官方正品】蓝吕洗发水护发素男士无硅油去屑洗护套装女400ml*2 ,N
560489824228,4611686578917212132, 【官方正品】绿吕控油蓬松清爽男士无硅油洗发水组合女清香400g*2 ,N
535919649838,3662705722930, KERASTASE/卡诗 丝韧焕活洗发水 ,N
558648533760,4611686577075921664, 【官方旗舰 】卡诗去屑净化洗发水无硅油深层清洁去头屑 ,N
530894058692,3363234416514, 欧莱雅美发透明质酸水润洗发露套装700ml*2 补水保湿正品 无硅油 ,N
572082701149,3883924779609, L'OREAL /欧莱雅 奇焕精油洗发露 (奇焕炫亮) ,N
540832013590,3244505309921, 海飞丝洗发水/露丝质柔滑洗发膏750ml/700ml/500ml官网旗舰洗发乳 ,N
557313783044,4611686575741170948, 伊卡璐 Herbalessences洗发水 ,N
589343083369,4022767280914, 海飞丝 0%硅油 微米净透水润 去屑洗发露 ,N
540717285151,3243485669060, 日本玉肌进口百年品牌芬芳无硅油洗发水洗发露540ml*2自由搭配 ,N
522605235173,3111407036619, CLEAR/清扬去屑洗发露新款多效水润养护型750g 去屑滋养洗发水 ,N
40241133980,63359295167, 清扬洗发水去屑洗发露男士多效水润750+女士多效水润750洗发套装 ,N
550885416460,4611686569312804364, 施华蔻斐丝丽向阳花洗发水护发素男女士洗护套装官方正品1360ml ,N
534629014147,4611686553056402051, 施华蔻斐丝丽睡莲水养洗发水套装2瓶平衡水养清香450ml+450ml ,N
36266192710,73788632749, L'OREAL /欧莱雅 精油润养洗发露 ,N
581954522558,4063814359165, 阿道夫 修护滋养洗发水 ,N
15579096437,61374047627, 海飞丝洗发水护发素套装丝源复活头皮洗530ml+护530ml ,N
575581122672,3786109012460, 海飞丝洗发水露丝质柔滑5ml*100袋旅行装5毫升去屑小包袋装洗头膏 ,N
38232571056,3975203938015, 阿道夫 祛屑止痒洗发乳液420ml ,N
522027639218,3995000343202, 宝洁潘婷乳液洗发水护发素套装洗护 洗发露男女洗头膏500*2+500 ,N
523025117576,3976774663561, 阿道夫 净澈清爽洗发水+护发素 ,N
586726059434,4611686605153447338, 海飞丝防脱发洗发水青春男士女套装护根防掉焕活乳精华官方旗舰店 ,N
545112811220,4611686563540199124, 【官方旗舰  】卡诗舒缓丝盈洗发水500ml 舒缓头皮 日常 ,N
558648533760,4611686577075921664, 【官方旗舰 】卡诗去屑净化洗发水无硅油深层清洁去头屑 ,N
572082701149,3883924779609, L'OREAL /欧莱雅 奇焕精油洗发露 (奇焕炫亮) ,N
540832013590,3244505309921, 海飞丝洗发水/露丝质柔滑洗发膏750ml/700ml/500ml官网旗舰洗发乳 ,N
584690000216,3954469248753, 海飞丝 头皮护理洗发露(菁纯丝滑) ,N
592201334874,4072620000458, 【官方正品】吕男士参姜去屑无硅油洗发水新品200ml ,N
571797331498,4611686590224719402, 【官方正品】绿吕洗发水蓝吕舒盈清润净澈控油去屑蓬松洗护套装香 ,N
551628101067,4179554054681, AUSSIE 丰盈蓬松洗发水 ,N
557313783044,4611686575741170948, 伊卡璐 Herbalessences洗发水 ,N
42529380516,4611686060956768420, 欧莱雅美发多效修复滋润发丝洗发水露护发素套装400*2+400ml正品 ,N
555836899009,3597971639297, L'OREAL /欧莱雅 芯基源洗发水(针对自然细软发质) ,N
24540744248,74692532907, L＇oreal/欧莱雅 沙龙洗护致臻修护洗发水 ,N
18907787236,3644944544283, 联合利华清扬多效水润男女士洗发水/露去头屑留香官方正品500g*2 ,N
549322868832,3503935930754, 【屈臣氏】施华蔻赋芮深海臻润洗发露400ml ,N
40841703607,62235861214, 【屈臣氏】资生堂惠润鲜花芳香洗护套装(洗发露/水+护发素)男女士 ,N
564629875785,4611686583057263689, 2瓶 施华蔻男士火山岩洗发露450ml洗发水装无硅油强根去油腻去屑 ,N
584990209086,3956240296071, 施华蔻洗发露水凝胶原修护洗发水男女士补水洗护套装洗头膏1.9L ,N
579470672403,3853997524666, CLEAR/清扬 清扬女生去屑洗发水花丛邂逅 ,N
582758552694,4087377091345, 联合利华力士小晶钻樱花之恋无硅油洗发水+护发精华素套装450ml*2 ,N
563675773364,3553019784538, CLEAR/清扬 润养去屑洗发露 ,N
561053063652,3509864884749, 资生堂洗发水两瓶丝蓓绮滢艳润养洗发露500ml*2瓶顺滑滋养 ,N
38347251930,4068800600811, 清扬洗发水男士去屑止痒洗头膏洗发露多效水润型官方正品 ,N
572663382747,3725263244661, RYO/吕 红吕洗发水（单瓶装） ,N
40241133980,63359295167, 清扬洗发水去屑洗发露男士多效水润750+女士多效水润750洗发套装 ,N
45764483876,4611686064191871780, 进口资生堂护理道头皮生机洗发水250ml+头皮生机护发素260g 套装 ,N
554476339937,3734517995700, 安质 A5308 ,N
43383480839,3436189105399, syoss丝蕴洗发水露护发素套装修复烫染受损深层修护洗头膏男女士 ,N
593584432153,4276980907521, 法国进口phyto发朵丝漾洗发露200ml 防脱发洗发水 无硅油植物配方 ,N
541942379081,3419332671549, 日本进口资生堂惠润柔净洗发露绿野芳香替换装400ml*2袋洗发水 ,N
531477027570,4153962574070, 养元青 头发护理洗发乳套装(控油防脱)中长发适用 ,N
543225555046,3268099253060, 9度洗发水护发素套装正品男女士去屑止痒控油洗头膏露留香味持久 ,N
539420665366,4611686557848053270, 德国Bubchen女孩儿童洗发水护发素正品3-15岁宝宝无硅油 ,N
585895035594,4136687922128, 拉芳 去屑控油洗发水 ,N
572831607237,3726827752940, 韩国Ryo黑吕洗发水防脱生发男女士强韧固发进口洗发露400ml*2瓶 ,N
589650534411,4030448728988, PAHKEN/帕克 男士英伦香氛洗发露+沐浴露 ,N
520530219650,3911230645686, 资生堂洗发水组合 水之密语净澄水活倍润洗发水600ml*2瓶滋养柔顺 ,N
594262384498,4611686612689772402, 【新品】力士小晶钻悠然绿意无硅油洗发水护发素套装男女450ml*2 ,N
40865553816,4611686059292941720, 香港正品COCO香氛洗发水护发素套装去油滋润修护持久留香家庭装 ,N
570455775398,3842479515974, George caroll/乔治卡罗尔 男士黑金洗发水 ,N
523136876580,4000412645768, PAHKEN/帕克 女人香洗发水加护发素 ,N
584804943108,3950010081732, 舒蕾 波卡莉香水润焕活头皮护理洗发露 ,N
542564545132,3261576309871, 熊野油脂 PHARMAACT洗护二合一洗发水 ,N
593147834457,4089699028607, 【新品上市】云南白药养元青洗发水 控油健发防脱密发洗发乳500ml ,N
39202825133,4611686057630213037, 老姜王生姜汁洗发水露头皮按摩膏洗护套装防掉育发液长发剂洗头 ,N
558952119702,4249232566925, Moist Diane/黛丝恩 黛丝恩植萃洗发水 ,N
527582096481,3139414373783, 熊野油脂 Pharmaact无添加洗发水 ,N
567854493134,3622850372824, 海洋诗韵 生姜防脱生发洗发水 ,N
521260026964,3219821354910, 姜梓新力荐 美国箭牌无硅控油胱氨酸洗发水护发素套装防脱发修复 ,N
40555334173,3681342214521, 汉喜 荷塘月色洗发水+护发素 ,N
582907405336,4143357463066, 蜗蜗 纯姜洗发露 ,N
559433843764,3485296272673, 霸王 育发防脱洗发液 ,N
520307070766,3974876192607, 琴叶 还原酸性滋润保湿洗发水 ,N
579650648289,4611686598078036193, 植物主义孕妇洗发水沐浴露套装怀孕期专用洗护品去屑止痒洗头正品 ,N
16993947116,57517166237, SCALP－D/丝凯露－D MAN OILY SHAMPOO ,N
523218749166,3183837273465, 琴叶威丝婷还原酸性去屑控油护发素洗发水受损头发修护洗护套装 ,N
535435544582,3193350747775, Shiseido/资生堂 护理道头皮生机系列洗发露 ,N
594840523880,4611686613267911784, 【新品】力士小晶钻无硅油馥悦繁花洗发水护发素套装男女450ml*2 ,N
37623241455,3231370069581, 丰添 防脱发洗发液（男用） ,N
543831492907,3574249757479, Difaso/蒂花之秀 八植精华调养洗发乳 去屑止痒 ,N
587919193966,4003781720165, Puwubeauty/朴物大美 香氛柔顺洗发水 ,N
39279504539,3750770750597, COCOnatural 水润蛋白滋养双效香芬洗发乳 ,N
574809402272,4143555493187, 马丁 洁净去屑洗发露 ,N
553706127231,4611686572133515135, 米叻男士沐浴露洗发水套装控油去屑洗发露持久留香沐浴乳家庭装 ,N
557784825718,4326614666726, 三个魔发匠 香氛控油清爽洗发露 ,N
585689061055,4140171919715, 舒蕾 奢养葡萄籽精油洗发露 ,N
552307245288,4115903132247, 菲诗小铺梦中邂逅初恋甜心香水洗发水600ml*2 大容量 清洁发丝 ,N
545690718947,3983228398462, 采乐 酮康采乐去屑洗发水 ,N
570271485472,3905490884890, George caroll/乔治卡罗尔 男士海洋洗发水沐浴露 ,N
560105597553,3497373040048, Leonor Greyl 蜂蜜洗发露 ,N
590146684960,4611686608574072864, 日本amino mason氨基酸清爽樱花洗发水护发素套装官方正品450ml*2 ,N
545152099806,3451113678596, 海飞丝 去屑洗发露(丝质柔滑型) ,N
536674892078,3203461229374, 阿道夫 滋润修护洗发水 ,N
17551037896,59730810487, Schwarzkopf/施华蔻 水凝胶原修护洗发露 ,N
537935561635,3212909972344, Schwarzkopf/施华蔻 火山岩净洁洗发露 ,N
564889191434,3572134689860, REJOICE/飘柔 家庭护理兰花长效清爽去屑洗发露 ,N
596055319353,4134829256427, 阿道夫 轻柔丝滑洗发水中样 ,N
44581637995,81548613454, 潘婷去油洗发水液露套装柔软顺滑修护 男女士洗头膏发冼发水500*2 ,N
565415687163,4611686583843075067, 【官方旗舰 】卡诗白金赋活洗发水细软稀发立体丰盈充盈男女士 ,N
568756575501,3805054579355, RYO/吕 花茶清漾凝润保湿护发乳(油性头发) ,N
35823850362,75731227015, 海飞丝 男士去屑洗发露多效水润动能型 ,N
560487612083,4611686578914999987, RYO/吕 金吕含光耀护金萃养护洗护套组200g+200ml ,N
560173241536,3499446961255, 海飞丝洗发水丝质柔滑去屑止痒洗头露套装男女士400ml送80ml*2瓶 ,N
538424815363,4611686556852203267, 海飞丝洗发水丝质柔滑型去屑洗发露750ml滋润柔顺男女家庭装正品 ,N
589343083369,4022767280914, 海飞丝 0%硅油 微米净透水润 去屑洗发露 ,N
540717285151,3243485669060, 日本玉肌进口百年品牌芬芳无硅油洗发水洗发露540ml*2自由搭配 ,N
39132738272,4611686057560126176, 欧莱雅美发精油润养洗发水露套装700ml*3 修复滋润 持久留香 ,N
559277555176,3483106997110, 欧莱雅美发茶树植萃控油去头屑洗发水护发素洗护套装正品持久留香 ,N
558403899381,4611686576831287285, 【直营】法国进口Klorane蔻萝兰/康如芍药头皮舒缓洗发水400ml ,N
39245738188,61967995248, L＇oreal/欧莱雅 密集滋养洗发水 ,N
548378202756,3327294761144, 正品欧莱雅丝泉净化洗发水2瓶装1200ml男女士去屑止痒控油无硅油 ,N
42795915539,73321613448, L＇oreal/欧莱雅 专家洗护强韧焕发洗发水 ,N
571351276970,3870315819267, 【屈臣氏】施华蔻水凝胶原修护洗发露600ml+润发乳600ml 新老包装 ,N
594914268975,4129540485027, 【屈臣氏】HairRecipe发之食谱无花果清爽丰盈洗发露水530ml*2瓶 ,N
588364546010,4011901285197, 施华蔻羊绒脂滋养修护洗发水露护发素男女士洗护套装1.4L改善毛躁 ,N
520210937202,3101029529475, 施华蔻洗发水护发素头发洗护套装保湿修复干枯洗头膏洗发露女 ,N
591661171647,4063628145015, 联合利华清扬植觉净透保湿去屑洗发露樱花微醺控油无硅油380ml*2 ,N
588555610467,4014809269531, RYO/吕 吕(Ryo)含光耀护金萃养护洗发水400ml ,N
588196032773,4011991132455, RYO/吕 吕(Ryo)含光耀护营润修护洗发水920ml ,N
526952572607,4081284711851, 清扬洗发水露男女家庭装套装去屑止痒去油洗头膏正品旗舰店官方 ,N
524840945919,3123560042955, 日本进口资生堂 惠润无硅油洗发绿野芳香洗发水220ml柔顺滋养秀发 ,N
44950008537,4611686063377396441, 日本资生堂惠润柔净绿野芳香洗护套装600ml*2瓶洗发水护发素共2瓶 ,N
559736480782,4083471795873, 沙宣 洁净去屑男士洗发露 ,N
564863329268,4115025991676, REJOICE/飘柔 丰盈飘逸微米净透洗发露 ,N
36127025829,4071744769722, 清扬洗发水男女通用去屑洗头膏洗发露多效水润型官方正品 ,N
595903832442,4141370276633, 清扬 男士洗发水 650g 活力运动薄荷 去屑 控油去味 清爽 洗发露 ,N
546172164801,3464170362332, 清扬洗发水露液乳洗头膏去屑止痒控油香旗舰店官方旗舰套装男女士 ,N
528846926469,3236616093018, 日本熊野油脂无添加孕妇洗发水孕妇可用去屑无硅油止痒控油防脱 ,N
520870120915,4611686539297508819, 添乐哆啦A梦洗发露儿童专用3-6-12岁男女孩宝宝柔顺润洗发水650g ,N
565396904858,4029083515638, Greenkosy/绿色溪谷 椰油净爽去屑洗发液 ,N
564767158648,3737433094642, 安质 az安质乳酸素调理洗发露 ,N
547768580536,3447370104704, 睿嫣润膏 舒盈滋养洗发水 ,N
13292465516,3831467545938, 资生堂洗发水套装 丝蓓绮奢耀柔艳洗发水750ml*3瓶 滋润柔顺 ,N
557893817997,3981511273600, 丝蕴 syoss洗发水露护发素套装家庭洗头膏液改善毛躁香味男女通用 ,N
567474133114,4611686585901521018, 丰添Foltene女用防掉发洗发水护发素套装头发营养液 ,N
570279112917,3845411695598, 润丝丹 植物生姜洗发水 ,N
13621061979,4288810871282, TSUBAKI/丝蓓绮 奢耀柔艳洗发露 ,N
551960359529,3866524597245, DOMELAY/朵美莱 洗发+护发+沐浴 ,N
573363408181,3895908365396, 云南白药 小养生姜洗发露(强根健发) ,N
567053361074,3774379474553, Aesop伊索 均衡洗发露 500mL ,N
558605804431,3640665538285, Moist Diane/黛丝恩 摩洛哥油洗发水 头皮养护丰盈型 ,N
522165331510,4086036682394, 隆力奇 新活力去屑洗发水（清爽控油型） ,N
595812371944,4301449250015, 正品满婷除螨洗发水男女去屑止痒控油去螨虫头螨头皮屑神器洗头膏 ,N
577314034646,4004212716185, CARDISS CSA01 ,N
569990736588,4071793721334, 依风 无硅油生姜洗发水 ,N
566321341415,3596495857254, Revlon/露华浓 生姜精华洗发水 ,N
585822234286,4140133983137, Kerastase卡诗神仙精油双重菁纯修护液100ml护发神仙金油头发 ,N
574181429959,4284704498365, MARO 男士洗发水3D立体丰盈型 ,N
586634873195,3984676860833, SEEYOUNG/滋源 无患子保湿滋养洗头水 ,N
573037095029,4038393902347, Aussie袋鼠丰盈洗发水300ml+强韧修护发膜250ml 蓬松护理套装女 ,N
596483122853,4146976841855, 迷迭香除螨洗发水清香去屑止痒控油香味持久留香男女去螨虫洗头膏 ,N
569313624405,3845313069522, 草方 艾草去屑洗发剂 ,N
587529543557,4161750374894, The body shop/美体小铺 生姜头皮护理洗发露 ,N
569473356714,4282833634457, 菲诗小铺持久留香浪漫邂逅沐浴露500ml+洗护套装400ml*2家庭装 ,N
39249042540,4611686057676430444, 香港正品COCO洗发水沐浴露套装男士女士除屑去痒持久留香家庭装 ,N
532685339875,4102664786592, 拉芳 轻盈纯净无硅油洗发露 ,N
535595216122,4232716499736, COCOVEL/蔻露薇 水润蛋白强韧控油洗发乳 ,N
541949776165,3255728356169, 六神洗发水无硅油薄荷洗发水控油清新爽450ml洗发精净透控油舒爽 ,N
577103656269,4611686595531044173, 德敏舒儿童专用洗发水宝宝止痒去屑柔顺无硅油3-15女孩6-12岁女童 ,N
593927925797,4276468922443, 韩国进口RYO吕洗发水红吕绿吕黄棕吕紫吕黑吕多效滋润任选2瓶 ,N
576524508585,3801122881760, Adidas/阿迪达斯男士沐浴露洗发水洗面奶香体走珠 四合一套装控油 ,N
592601071647,4611686611028459551, 资生堂专业美发护理道头皮生机洗发水500ML护发素260G洗护套装 ,N
540019993946,3872525665565, Zooly/卓蓝雅 防脱育发洗发露 ,N
545114735109,3914306238948, 阿原 柠檬洗发水 ,N
575851713382,4611686594279101286, 蜂花无硅油生姜健发洗护套装旅行装洗发水护发素套装100ml*2 ,N
544030941813,3440278563592, Comoos/苏玫氏 强韧焕发调理洗发露 ,N
595115453142,4298661267683, 氨基酸无硅油香水洗发水护发素持久留香洗护沐乳液膏套装去屑控油 ,N
585252577406,4066338064758, selsun blue Selsun洗发水 ,N
560464458883,4058922774675, 好迪 活力水润丝滑洗发水750ml ,N
581439053446,4024213232824, 丝蕴无硅水润洗发水护发素套装无硅油护发男女家庭装控油净屑柔顺 ,N
45804017111,4611686064231405015, SEEYOUNG/滋源 茶籽控油去屑套装(油性头皮适用) ,N
542328009245,4611686560755397149, 阿道夫去屑舒爽少年派同款洗发水420ml护发素420ml洗护套装840ml ,N
549616687040,3342504121790, L'OREAL /欧莱雅 茶树植萃去屑净油洗发露 ,N
527298603165,3137874769349, Schwarzkopf/施华蔻 辣木籽净透无硅洗发露 ,N
531977860671,4611686550405248575, 施华蔻8金纯盈润精油无硅油洗发水护发洗护套装修护毛燥1.4L ,N
561777628713,3920776022938, 潘婷 排浊赋能头皮洗发露 ,N
547633771867,3404871057277, REJOICE/飘柔 净油顺爽微米净透洗发露 ,N
559920865645,4611686578348253549, 【官方正品】紫吕洗发水滋养韧发强韧洗护套装(中干性)200ml*2 ,N
560117152674,3499085728932, RYO/吕 吕含光耀护金萃养护洗发水 ,N
559163009022,3482333268004, 万宁海飞丝洗发水男女士怡神冰凉清爽去屑止痒控油洗头发膏露正品 ,N
561854277898,3690150295038, 海飞丝 致美水润去屑洗发露 ,N
566343082673,3761679387748, 海飞丝（Head & Shoulders）幽香馥郁去屑洗发露洗发水750ml/瓶 ,N
41794634655,73624567957, 海飞丝 去屑洗发露(怡神冰凉型) ,N
35177735437,3700024411328, 海飞丝 丝源复活组合头皮净化洗发露530ml ,N
39270880684,4611686057698268588, 欧莱雅精油润养洗发水护发素洗护套装1.8L 持久留香 ,N
537840422815,4611686556267810719, 欧莱雅美发多效修复洗发水修复受损强韧发丝  滋润干枯 改善毛躁 ,N
543286625264,3268891833060, 日本熊野油脂进口马油无硅油防脱洗发水+护发素洗护套装 2瓶 ,N
582950425912,4085136454868, 韩国爱敬进口香氛洗发水柔顺持久留香顺滑滋养洗发露600ml*2瓶 ,N
39141332926,56328794616, L＇oreal/欧莱雅 净化洗发水 ,N
42771295313,73030006589, L＇oreal/欧莱雅 沙龙洗护油脂平衡洗发水 ,N
549394370884,3339466168625, 【屈臣氏】施华蔻赋芮深海臻护洗发露400ml ,N
22473351396,63109453067, Schwarzkopf/施华蔻 水凝胶原修护洗发露 ,N
543549355027,4611686561976742931, Schwarzkopf/施华蔻 8金纯盈润精油旅行装 ,N
44932029026,83498341924, Shiseido/资生堂 惠润柔净洗发露(鲜花芳香) ,N
45183822335,90026635592, 资生堂惠润无硅油洗发水套装柔净鲜花芳香洗发露600ml*2 柔软顺滑 ,N
37501381459,3172080534183, 清扬洗发水男士去屑止痒洗头膏洗发露清爽控油型官方正品 ,N
528313132906,4071771681604, 清扬洗发水男女通用去屑洗头膏洗发露樱花沁爽型官方正品 ,N
570010418722,3832880554098, CLEAR/清扬 去屑洗发露樱花沁爽型 ,N
587147117569,4096469073410, Dove/多芬 柔顺盈润洗发露 ,N
595711080707,4141791377937, 清扬去屑洗发水 650ml 樱花沁爽 持久留香氨基酸 洗发露 全家男女 ,N
572627317864,3894072578374, 韩国Ryo红吕洗发水中草药修复烫染损伤男女滋润改善毛躁400ml*2瓶 ,N
580100012421,4034781515432, 韩国Ryo红吕洗发水中草药修复烫染损伤男女滋润改善毛躁400ml*3瓶 ,N
531142489025,3206070485692, SOFTTO/索芙特 汉草6级防脱防脱育发香波 ,N
585173375538,4321769590327, 茀洛莉娅 　米雅诗防脱洗发露 ,N
541966313759,3255849177323, 六神无硅油人参柔顺洗发水720ml男女通用洗发露洗发乳改善干燥 ,N
573323701294,3957909948682, 云南白药养元青洗发水 小养普洱茶控油500ml 无硅油洗头膏男女 ,N
583154609799,4611686601581997703, 【推荐套装】triptychoflune三谷洗发水护发沐浴套组嫩滑蓬松控油 ,N
565099592594,3865724653799, davines/大卫尼斯 自然亮泽洗发水250ml ,N
569515849700,4317588510577, mese/美多丝 水漾丝滑洗发水 ,N
593742116175,4107224044650, 飘柔洗发水护发素套装香水型香味持久留香男女控油旗舰店官方旗舰 ,N
573783593507,4101534784061, b2v 墨藻丰盈修护洗发水 ,N
575140146668,3938283003999, PAHKEN/帕克 迷迭香非离子洗发水护发素沐浴露 ,N
587568858435,4167101415148, 遇见香芬官方旗舰黑裙洗发水护发素沐浴露 洗护三件套装洗头膏小 ,N
558837370542,4611686577264758446, 黛丝恩Moist Diane摩洛哥精油无硅油日本洗发水护发素套装500ml ,N
533233737824,3181901424744, Shiseido/资生堂 护理道露蜜焕彩洗发露 ,N
543204216314,3268327389528, Bio Secure/安悦 滋养平衡洗发露 ,N
578103223728,4249854782039, Danz/丹姿 香氛洗护-300g丹姿丝维丽香氛洗发乳（奢养柔顺） ,N
576666864853,4073171786370, HAIR RECIPE/发の食谱 Hair Recipe发之食谱苹果姜滋养无硅油水果洗发水280ml+280g进口 ,N
563138064574,4010226162363, George caroll/乔治卡罗尔 乐缘海洋香水洗发水沐浴露 ,N
556903329248,4611686575330717152, 蜂花樱花沐浴露无硅油啤酒花生姜洗发水护发素洗护套装550ml*3 ,N
535659666517,3926919119150, Difaso/蒂花之秀 奢养修护洗发萃乳(臻宠修护柔韧丝滑) ,N
587224057619,4163789039220, Ficce Code 菲诗蔻 生姜健发洗发水 ,N
594180340134,4284590042726, Aussie袋鼠凝雾去油蓬松便携免洗头发喷雾干发清爽女180ml ,N
588145193121,4176743514427, Skin Menu/肌肤之食 海盐去屑控油洗发膏 ,N
577391772981,3817530053927, Living Proof 每日圆满干洗喷雾 ,N
587645936029,4007837024718, 舒冠 洗发水 ,N
575520942444,3776108888004, HERCODO/草安堂 薰衣草洗发水750ml ,N
587221204408,3998450141359, COCOESSENCE/遇见香芬 洗发水沐浴露 ,N
565102825070,4611686583530212974, 黛丝恩Moist Diane植萃损伤修护无硅油洗发水护发素套装480ml ,N
589242050605,4195475563088, 魔莉舍 玫瑰精油丝滑洗发露 ,N
587689581058,3999856936154, 潘婷洗发水护发素套装组合装乳液修护顺滑男女士官方旗舰 ,N
557838894515,4311480155525, Batiste/碧缇丝 免水洗喷雾 ,N
564211977491,3563682577363, 汉喜 荷塘月色洗发水2瓶装 ,N
575576375741,3998506152691, Matin Rosie/玛汀露丝 蓝风铃轻柔飘逸香水洗发水 ,N
587046600121,4204034191734, LUX/力士 柔亮洗发乳(水润丝滑) ,N
578320773306,4611686596748161210, PWU朴物大美小苍兰洗发水护发素套装500ml*2持久留香无硅油洗发水 ,N
590477143042,4210834694461, 简美 小苍兰滋养洗发乳 ,N
545175437047,4036940294387, RYO/吕 棕吕洗发水护发素 ,N
587925391638,4001670113656, Shiseido/资生堂 护理道轻盈丝逸系列洗发露 ,N
587803701818,4611686606231089722, Mixxlab觅研氨基酸健发洗护套装蓬松控油清爽洗发水男女 ,N
594147291512,4274318086944, 艾君防脱发育发洗发水女士防掉发断发固发生姜洗发水液露营养液 ,N
595402422756,4127754204093, 小苍兰洗发水网红款持久留香味男女去屑止痒控油洗头发护发素套装 ,N
521989838231,3109231851663, Shiseido/资生堂 水之密语洗发露 ,N
15823130413,73307772447, oba/欧芭 5印象系列双重功效洗发乳 ,N
565579786971,3865738765150, Greenkosy/绿色溪谷 柔炫丝滑去屑洗发乳 ,N
594153151633,4274410814607, 滋源无硅油洗发水控油男女修复干枯毛躁官方旗舰店官网正品750ml ,N
44822262918,3671602095255, obeis/欧贝斯 去屑洗发露（滋养柔顺型） ,N
589026677318,4611686607454065222, 日本amino mason氨基酸清爽控油男女士洗发水护发素套装450ml*2 ,N
44647082305,3467416476147, JANESE/珍妮诗 焗油滋润二合一洗发露 ,N
585007374660,3954045504509, HAIR RECIPE/发の食谱 无花果清爽丰盈洗发水530ml ,N
556938031354,4611686575365419258, 日本资生堂玛馨妮香氛洗发水护发素套装女无硅油香水型洗发露蓬松 ,N
549616687040,3342504121790, L'OREAL /欧莱雅 茶树植萃去屑净油洗发露 ,N
574552349665,3762684305882, CLEAR/清扬 清扬男士活力运动去屑洗发露 ,N
531977860671,4611686550405248575, 施华蔻8金纯盈润精油无硅油洗发水护发洗护套装修护毛燥1.4L ,N
551051551586,4611686569478939490, 施华蔻8金纯盈润精油无硅油洗发水露护发素洗头膏洗护套装共800ml ,N
559906689739,3740279447921, 阿道夫 茶麸无硅油洗发水(舒缓净漾) ,N
539912520810,3236520937924, 阿道夫 轻柔丝滑洗发水420ml ,N
564317787399,3728049875235, REJOICE/飘柔 香氛洗发露滋养柔滑 ,N
539204176008,3979001102231, 潘婷 丝质顺滑洗发露 ,N
543504011647,4140436972709, 阿道夫轻柔组合套装正品洗发水沐浴露护发素洗护沐浴三件套家庭装 ,N
564660941993,3569537856224, 阿道夫 滋润修护洗发水680ml ,N
568670054261,3803863530221, RYO/吕 花茶清漾凝润保湿护发乳(中干性头发) ,N
592206446007,4072763156906, 【官方正品】吕男士参海水润舒爽保湿无硅油洗发水新品200ml ,N
566343082673,3761679387748, 海飞丝（Head & Shoulders）幽香馥郁去屑洗发露洗发水750ml/瓶 ,N
41794634655,73624567957, 海飞丝 去屑洗发露(怡神冰凉型) ,N
35177735437,3700024411328, 海飞丝 丝源复活组合头皮净化洗发露530ml ,N
574910789507,4193986227199, 海飞丝洗发水1000ml袋装丝质柔滑控油去屑止痒男女旗舰店官方旗舰 ,N
19557186903,3445672567171, 海飞丝去屑洗发水/洗发露700ml清爽去油去屑洗发乳 洗发膏 ,N
43591917683,3363728601310, 欧莱雅美发透明质酸水润控油补水保湿无硅油洗发水套装2.1L正品 ,N
39212213871,3361429325451, L'OREAL/欧莱雅 精油润养去屑洗发露 ,N
558450621209,3472301165219, 韩国LG睿嫣进口润膏无硅油洗护合一洗发水洗发露250ml*2瓶 ,N
543286625264,3268891833060, 日本熊野油脂进口马油无硅油防脱洗发水+护发素洗护套装 2瓶 ,N
22522371200,56312157812, 【屈臣氏】 施华蔻水凝胶原修护洗发露600mlx2件 补水滋养保湿 ,N
582617765958,4611686601045153862, 屈臣氏 Hair Recipe发之食谱无花果洗护套装 清爽丰盈洗发水 ,N
578415241966,3999202930921, 施华蔻羊绒脂烫染修护洗发水护发素套装防毛躁洗头膏润发素1.6L ,N
560338727270,4611686578766115174, 施华蔻洗发水朱一龙氨基酸多效修护洗护套装护发素改善干枯防毛躁 ,N
542838264046,3264563053218, L＇oreal/欧莱雅 丝泉净化洗发水 ,N
552694589338,3389387429982, 清扬去屑洗发露樱花沁爽型750ml 洗发乳 ,N
556031036850,3602727042589, 日本进口资生堂洗发水丝蓓绮滢艳润养洗发露500ml*1瓶顺滑滋养 ,N
587803701818,4611686606231089722, Mixxlab觅研氨基酸健发洗护套装蓬松控油清爽洗发水男女 ,N
594147291512,4274318086944, 艾君防脱发育发洗发水女士防掉发断发固发生姜洗发水液露营养液 ,N
595402422756,4127754204093, 小苍兰洗发水网红款持久留香味男女去屑止痒控油洗头发护发素套装 ,N
521989838231,3109231851663, Shiseido/资生堂 水之密语洗发露 ,N
587576235482,4162476118242, Shiseido/资生堂 惠润柔净洗发露(绿野芳香) ,N
15823130413,73307772447, oba/欧芭 5印象系列双重功效洗发乳 ,N
565579786971,3865738765150, Greenkosy/绿色溪谷 柔炫丝滑去屑洗发乳 ,N
594153151633,4274410814607, 滋源无硅油洗发水控油男女修复干枯毛躁官方旗舰店官网正品750ml ,N
44822262918,3671602095255, obeis/欧贝斯 去屑洗发露（滋养柔顺型） ,N
589026677318,4611686607454065222, 日本amino mason氨基酸清爽控油男女士洗发水护发素套装450ml*2 ,N
525525092988,3127923566470, 日本进口资生堂洗发水 惠润柔净鲜花芳香洗发露220ml 柔软顺滑 ,N
44647082305,3467416476147, JANESE/珍妮诗 焗油滋润二合一洗发露 ,N
585007374660,3954045504509, HAIR RECIPE/发の食谱 无花果清爽丰盈洗发水530ml ,N
556938031354,4611686575365419258, 日本资生堂玛馨妮香氛洗发水护发素套装女无硅油香水型洗发露蓬松 ,N
574980412958,4065327292741, HAIR RECIPE/发の食谱 蜂蜜富养水润洗发水530ml ,N
568789016173,3812031363555, 熊野油脂 无硅油马油洗发水 ,N
587042307452,4155052386162, 飘柔洗发水护发素1730ml套装焗油护理男士女士旗舰店官方旗舰正品 ,N
569209711768,3813088958294, Romano/罗曼诺 清爽控油洗发露 ,N
585569729982,3966792976549, MiriamQuevedo/迷莲卡薇 极致鱼子酱特效防脱发洗发水 ,N
592708845496,4256822295325, 海瑟薇控油柔顺生姜氨基酸洗发水护发素套装清爽蓬松男女士洗发露 ,N
544774113213,4611686563201501117, 法国toofruit多果肤有机儿童洗发水3-12岁男女孩无硅油洗发露进口 ,N
9326726472,4611686027754114376, 资生堂水之密语净澄水活洗护套装600ml倍润型凝润水护洗发水女 ,N
40901650295,3542580469886, 阿玛施 阿玛施滋养柔顺护发洗发水(大地) ,N
570748317177,4172904242913, mese/美多丝 美多丝洗发水护发素 ,N
8981489316,73763844147, Swisson/蕴特优能 优能抑脂平衡调理露 ,N
585753603714,4611686604180991618, 澳兰黛孕妇洗发水孕妇专用天然纯洗头膏洗发露月子产妇怀孕哺乳期 ,N
554755691869,3878289712338, SYOSS/丝蕴 无硅水润洗发露 ,N
540519689624,3241707624592, George caroll/乔治卡罗尔 男士香水洗发露 ,N
557451178709,3847530448430, 简美 小苍兰滋养洗发乳 ,N
571303071098,4216919194242, George caroll/乔治卡罗尔 海洋洗发水沐浴露 ,N
578707791021,4326622183392, 迪彩 鲜榨小种姜汁洗发乳 ,N
586269598687,3981154849200, botanist 樱花洗发水 ,N
571303071098,4216919194242, George caroll/乔治卡罗尔 海洋洗发水沐浴露 ,N
578707791021,4326622183392, 迪彩 鲜榨小种姜汁洗发乳 ,N
586269598687,3981154849200, botanist 樱花洗发水 ,N
550338150369,3517406679126, 阿芙 迷迭香头皮清洁精油洗发露 ,N
593815503721,4268450962550, 日本amino mason氨基酸修护无硅油洗发水头皮护理男女洗发露450ml ,N
533953613386,4611686552381001290, 植观 Luise油我决定清爽控油洗护套装 ,N
575958717490,4079613305495, 祖马龙小苍兰洗发水套装女士香水型香味持久柔顺网红同款洗头膏正 ,N
550537929517,3852544063691, 阿迪达斯洗发露控油男士 家庭装洗发膏洗发水沐浴露套装去屑止痒 ,N
584697556998,3954610980974, HAIR RECIPE/发の食谱 Hair Recipe发之食谱蜂蜜滋润无硅油水果洗发水530ml+530g进口 ,N
592725931621,4118938025964, PRIME BLUE/尊蓝 尊蓝蓝调香氛洗发露 ,N
557393365893,4063167974215, SAVOL/章华 牛油果损伤修护洗发水 ,N
575984707520,3951838835707, KASIPA h精草650ml洗护 ,N
558842854698,4611686577270242602, 黛丝恩Moist Diane摩洛哥精油洗发水护发素套装受损修护500ml ,N
560123762694,3497650921062, 施华蔻斐丝丽芍药丝柔洗发水护发素套装1.36L香氛洗护洗发润发乳 ,N
592870746326,4087619185292, 吻序 德生源育发健发养发液 ,N
578207976958,4066572156830, 杜兰轩尼丝 杜兰轩尼丝艾草鲜萃洗发露 ,N
595084626918,4295490327762, LAVER莱薇尔防脱育发洗发水防脱发育发固发洗发液去油育发生男女 ,N
558790261238,4611686577217649142, 黛丝恩Moist Diane摩洛哥精油无硅油洗发水护发素套装500ml ,N
538661470431,3867004256113, 好迪 好迪男士去屑止痒控油洗发水清爽去油深层清洁洗发露买一送一送200ml ,N
552809219764,4611686571236607668, 施华蔻斐丝丽睡莲柔顺洗发水护发素1.36L套装香氛洗护家庭套装 ,N
558773436813,3477726488653, RYO/吕 吕滋养韧发密集强韧洗发水(油性头皮) 400ml ,N
20135274486,71023873217, 海飞丝 男士去油洗发水 ,N
586614481856,4611686605041869760, 【态度瓶】施华蔻8金纯盈润精油无硅油洗发水洗头膏洗护套装1.2L ,N
586897143091,4611686605324530995, 【态度瓶】施华蔻多效修护19氨基酸洗发水护发男女士洗护套装1.2L ,N
596055319353,4134829256427, 阿道夫 轻柔丝滑洗发水中样 ,N
38247321950,3596720135035, 阿道夫洗沐套装控油清爽洗发水+魔红诱惑沐浴露  持久留香 ,N
561944730438,3570019168172, 潘婷 排浊赋能头皮洗发露 ,N
564304721129,3564598465838, 海飞丝 无硅油450+200净化露 ,N
566434571434,3760642378875, 海飞丝 去屑洗发露(恬雅清新) ,N
592211450034,4075742081498, 【官方正品】吕男士参海水润舒爽保湿无硅油洗发水新品400ml ,N
565074252521,4611686583501640425, 【官方正品】黑吕洗发水护发素改善毛躁臻参洗护套装香400ml*2 ,N
562185124194,3530565892943, 海飞丝 去屑洗发露黑亮*强韧型 ,N
579942289247,4611686598369677151, 海飞丝清爽去油洗发水套装700MLx2+200ml ,N
541246297654,3522059238711, L＇oreal/欧莱雅 多效修复无硅洗发露 ,N
529826548622,4611686548253936526, 欧莱雅男士炭爽水润劲爽去油活泉洗发水套装 去头屑控油 清爽洁净 ,N
582950425912,4085136454868, 韩国爱敬进口香氛洗发水柔顺持久留香顺滑滋养洗发露600ml*2瓶 ,N
596746163117,4144793408719, 日本TAMANOHADA进口玉肌无硅洗发水护发素 薰衣草套装540ml*2 ,N
43813258090,78080349204, 【屈臣氏】套装 欧莱雅透明质酸水润洗发露700毫升X3件 ,N
19809109237,63354135206, 【屈臣氏】欧莱雅精油润养洗发露700ML 滋润修护 ,N
42734827809,72849334538, L＇oreal/欧莱雅 沙龙洗护染后护色洗发水 ,N
560338727270,4611686578766115174, 施华蔻洗发水朱一龙氨基酸多效修护洗护套装护发素改善干枯防毛躁 ,N
36091230562,4611686054518618466, 施华蔻洗护水漾精华滋养洗发水护发素套装正品柔顺干枯补水洗发露 ,N
546525064331,4611686564952452235, Schwarzkopf/施华蔻 多效修护19套装 ,N
520836690564,4611686539264078468, 联合利华凌仕契合香氛喷雾150ml+清扬男士活力运动洗发水500g套装 ,N
557110801107,3452422821504, 联合利华清扬植觉润养石榴无硅洗发水露+精华护发素正品380ml*2 ,N
552691921309,3554016683934, CLEAR/清扬 头皮滋养护理多效水润养护型去屑洗发露 ,N
552694589338,3389387429982, 清扬去屑洗发露樱花沁爽型750ml 洗发乳 ,N
588354797620,4192395110917, 清扬洗发水清扬男士去屑洗发露活力运动薄荷型200ml 500ml 1000ml ,N
565288655707,3742370206845, Shiseido/资生堂 护理道凝时焕发洗发露 ,N
44999037824,4611686063426425728, 资生堂水之密语净澄水活洗护套装600ml*2瓶 倍润型洗发水 ,N
540740783681,4611686559168171585, 资生堂水之密语净澄水活洗发水/露600ml*2瓶家庭装套装控油型清爽 ,N
563628213249,4611686582055601153, 日本资生堂玛馨妮洗发水护发素套装450ml*2女 柔顺 滋养 ,N
535926151860,4611686554353539764, 资生堂惠润绿野芳香洗护套装替换装400ml*2袋洗发水护发素2件套 ,N
555677280619,4154884257908, COCOESSENCE/遇见香芬 水润蛋白多效香芬 洗发乳 ,N
572136043804,3879426058973, 阿迪达斯男士洗发水露沐浴露套装男洗头膏控油洗护旅行持久留香味 ,N
560362908780,4073052143844, 荷森氏 男士无硅油洗发水 ,N
520794486670,4036972674024, Claude Galien 香疗黄金洗发润膏COCO香型(无硅油) ,N
594294913712,4153026569220, 古龙洗发水男士专用香味持久留香去屑止痒控油清爽除螨香水洗头膏 ,N
546328540184,3466060386221, 霸王 姜汁首乌去屑洗发精华素 ,N
582949622724,4611686601377010628, Moist Diane/黛丝恩 植萃水润轻盈型 ,N
561037407213,3676094339889, Leonor Greyl 蜂胶洗发露 ,N
568902328323,4611686587329716227, Aussie袋鼠洗发水300ml*2+发膜250ml奇迹水润头发蓬松柔顺套装女 ,N
587468124016,4168957822760, COCOESSENCE/遇见香芬 桃花蜜语润泽修护洗发露 ,N
13994723839,4611686032422111743, 法贝儿小粉瓶洗发护发二合一儿童洗发水 男女宝宝温和柔顺洗发露 ,N
573821318907,4163512695471, George caroll/乔治卡罗尔 卓亚-黑金男士香水洗发水 ,N
581841772351,3897324668590, 霸王 女士防脱洗发液 ,N
580436107314,3862605364207, PAHKEN/帕克 经典丝滑洗发乳+护发素+沐浴露 ,N
592633985729,4325034522270, 阿芙生姜头皮洗发露护发乳500ml 洗发水护发素控油无硅油干枯毛躁 ,N
549054309858,3335330792307, botanist 植物性头皮护理洗发水 ,N
564664362166,3568334284967, 熊野油脂 马油洗发水 ,N
549039210467,3807635292614, ESTANDARD 玫瑰精油洗发水 ,N
43501479005,3747314940558, 杜兰轩尼丝 淘米水洗发米桨 ,N
552766914131,4611686571194302035, 施华蔻斐丝丽紫玉兰烫染修护洗发水护发素680ml正品香氛洗护 ,N
595774864732,4611686614202252636, 韩国formula of beauty美丽艾拉无硅油洗发水柔顺 玛咖珑网红套装 ,N
581623895674,3887042161436, 力士洗发水露液洗头膏护发素沐浴乳露家庭套装持久留香旗舰男女士 ,N
580836477689,3896163308294, 雨洁 去屑控油洗发露 ,N
578175107897,4189106495890, RAUSCH/路丝 柳皮滋养护理洗发露 ,N
578084396059,3996300050660, KAN KI ROU/柑气楼 柑橘滋养洗发露 ,N
573598996688,3914220870708, RYO/吕 吕滋养韧发密集强韧洗发水 （油性头皮） ,N
42890295723,3890709234278, 发雅丝 防脱育发洗发露 ,N
592630386220,4611686611057774124, 韵の堂 淘米水臻萃养发系列 ,N
557242607924,3996739677324, 澳宝 香氛洗发精华乳(燕窝水润盈动) ,N
556938115732,4611686575365503636, 日本资生堂玛馨妮洗发水露护发素套装女450ml*2柔顺香水型 ,N
567695916083,3706810737619, Beaver/博柔 樱花菁华洗发露 ,N
574049004644,4116167004810, 理发师 直发垂坠顺滑亮泽洗发水 ,N
570118787451,4611686588546175355, 植观氨基酸洗发水沐浴露液二合一儿童洗发水小孩宝宝婴儿洗护2合1 ,N
575629900214,3811039945755, Neutrogena/露得清 修复受损发质洗发露 ,N
589177542882,4022700232335, 台湾进口小猪佩奇儿童宝宝止痒洗发水天然温和滋润沐浴露套装无泪 ,N
570282578024,4156830090020, BEE＆FLOWER/蜂花 无硅洗发露750ml ,N
562109326465,4012262547460, SOVYA/索薇娅 白茶去屑控油洗发水 ,N
547991432009,3995828874899, Alpecin C1阿佩辛咖啡因防脱洗发水 ,N
574974516209,4125412894381, HAIR RECIPE/发の食谱 Hair Recipe发之食谱扁桃仁柔顺洗发水润发乳 ,N
551889349838,3866550373587, DOMELAY/朵美莱 洗发水+护发素 ,N
568900216432,4611686587327604336, Aussie白袋鼠修护洗发水300ml+护发素250ml干枯烫染受损改善毛躁 ,N
14890335725,60552881890, oba/欧芭 48H高营养洗发乳霜A11 ,N
42285258497,3742806608335, A’Gensn/安安金纯 薰衣草黑亮倍柔洗发露 ,N
556822218137,3447809845807, 资生堂玛馨妮旅行装洗发水浴液套装50ml*3护发素沐浴露小样女便携 ,N
578865204801,4012215146605, SCENT LIBRARY/气味图书馆 香氛洗发露（凉白开香型） ,N
584698084696,3957216869517, RYO/吕 极蔘润黑补发洗发液 ,N
591031352015,4229046522243, 乔治卡罗尔男士洗发水沐浴露套装古龙持久留香控油去屑膏洗浴组合 ,N
577227033337,4316555402369, 清扬 男士洗发套装 活力运动薄荷 500g*3+200g ,N
572510442136,4611686590937830040, 海飞丝洗发水 去屑洗发露丝质柔滑型700ml*2+补充装200ml ,N
586899463269,4611686605326851173, 【态度瓶】施华蔻羊绒脂烫染修护洗发水露护发洗头膏洗护套装1.2L ,N
559819218955,4611686578246606859, 施华蔻恒时珍粹欧米茄修护洗发水护发素洗护套装滋养干枯500ml ,N
38126335664,3664303654746, 阿道夫 祛屑止痒洗发水+护发素+沐浴露 ,N
559965414916,4310836238616, 阿道夫 茶麸无硅油洗发水(控油清盈) ,N
539914168206,3644976435460, REJOICE/飘柔 滋润去屑洗发露 ,N
566076098274,3594635693777, 潘婷洗护套装白金双管家族无硅油洗发水护发素修护女300ml+300ml ,N
575956979801,4152516554573, 海飞丝洗发水1000ml正品套装丝质柔滑去屑止痒旗舰店官方旗舰男女 ,N
571171205774,4611686589598593678, 【官方正品】紫吕洗发水护发乳滋养韧发强韧(油性)3件套装400ml*3 ,N
586163824305,3981157268428, 海飞丝洗发水男女士丝质柔滑型去屑止痒清爽控油型旗舰店官方旗舰 ,N
589608466464,4611686608035854368, 【官方正品】红吕修护损伤蓬松洗护套装 400ml洗发水+200ml护发乳 ,N
583653174201,3930958961066, 海飞丝洗发水丝质柔滑致美水润80ml*2瓶+致美水润80ml护发素套装 ,N
569965635301,4074554778599, 海飞丝丝质柔滑洗发水男女士去屑止痒家庭洗发露700ml/930ml正品 ,N
521059076007,3527851574839, L＇oreal/欧莱雅 多效修复洗发露 ,N
575673690827,3947812027451, L'OREAL /欧莱雅 奇焕精油洗发露(奇焕奢卷) ,N
562120899144,3692223351447, 【直营】The body shop/美体小铺 香蕉洗发水400ml ,N
543213775588,3431845630500, 熊野油脂 无硅马油洗发水 ,N
563675773364,3553019784538, CLEAR/清扬 润养去屑洗发露 ,N
22522371200,56312157812, 【屈臣氏】 施华蔻水凝胶原修护洗发露600mlx2件 补水滋养保湿 ,N
582617765958,4611686601045153862, 屈臣氏 Hair Recipe发之食谱无花果洗护套装 清爽丰盈洗发水 ,N
574150409663,4611686592577797567, 欧莱雅大金瓶奇焕炫亮两件套440ml*2 洗发水精油护发素套装 ,N
555784858273,4035432255584, 施华蔻洗护羊绒脂洗发水护发素套装女士补水柔顺修护染烫受损 ,N
532037880865,3933584259083, 施华蔻8金无硅油蓬松洗发水护发素套装男女控油精油防毛躁干枯 ,N
588555610467,4014809269531, RYO/吕 吕(Ryo)含光耀护金萃养护洗发水400ml ,N
525875741414,4063244814486, L＇oreal/欧莱雅 透明质酸水润72h去屑洗发露倍爽 ,N
21038996112,3899484517810, L＇oreal/欧莱雅 精油润养3X洗发露 ,N
588354797620,4192395110917, 清扬洗发水清扬男士去屑洗发露活力运动薄荷型200ml 500ml 1000ml ,N
521395091787,4081233003365, 清扬洗发水去屑止痒控油樱花男女洗发露洗头膏旗舰店官方旗舰正品 ,N
595711080707,4141791377937, 清扬去屑洗发水 650ml 樱花沁爽 持久留香氨基酸 洗发露 全家男女 ,N
535926151860,4611686554353539764, 资生堂惠润绿野芳香洗护套装替换装400ml*2袋洗发水护发素2件套 ,N
586754537980,3988671409697, 飘柔洗发水1000ml*2瓶家庭装男女去油去屑止痒控油旗舰店官方旗舰 ,N
568337545010,3632555424401, 博倩 香氛洗发乳 ,N
541412947791,4611686559840335695, 日本 esprincess公主魔法香气无硅洗发水护发素洗护套装滋养头发 ,N
544852666144,4042259409624, 好迪 好迪精华素洗发水750ml丝质顺滑 ,N
533890557189,4116925025823, Aekyung/爱敬 可希丝挚爱香氛洗发露 ,N
562035759480,4158978347355, SOVYA/索薇娅 姜花臻养修护洗护套组 ,N
576580181663,4611686595007569567, A’Gensn/安安金纯 橄榄油去屑柔顺洗发露 ,N
578239260964,3999181018397, Sivia/仙维娜 清爽去油去屑洗发露 ,N
589167814541,4191870458955, 日本amino mason洗发水氨基酸无硅油修护男女清爽控油洗发露450ml ,N
556828156371,4611686575255544275, 植观氨基酸洗发水护发素洗护套装去屑止痒控油清爽洗头膏露男女 ,N
556803161035,3594620365262, botanist 修护洗发水 ,N
591981002056,4241140667897, LAHAR POWER/原泥动力 姜泥头皮养护洗发水 ,N
575844761458,3785879501267, Living Proof 丰盈洗发水236ml ,N
592558473915,4081722596087, 海瑟薇氨基酸生姜洗发水蓬松滋养柔顺修复发根去屑男女士洗头膏 ,N
587805856457,4174571646772, Shiseido/资生堂 ROSARIUM玫瑰园天然玫瑰香洗发水 ,N
548313443285,3490078562083, 徽歌 女人香洗发水加护发素 ,N
580904574632,4611686599331962536, PWU朴物大美小苍兰无硅油洗发水护发素香氛沐浴露组合套装3瓶装 ,N
576478992387,3966032414830, 日本资生堂丝蓓绮洗发水护发素套装315ml*2 自然花香修复头发毛躁 ,N
9326649794,4611686027754037698, 水之密语净澄水活洗发露600ml倍润型修护凝润水护资生堂洗发水女 ,N
575332652987,3777364860684, CABELO/卡蓓诺 育发洗发水（加强型） ,N
594392661285,4163829329820, 蜗蜗免洗喷雾头发去油蓬松神器去异味懒人免水洗头发喷雾洗发水 ,N
565554442670,4129519241902, CYNOS/伊诺思 酸性洗发水 ,N
592534094872,4611686610961482776, 资生堂护理道专业美发防脱育发洗护套装 生发精华液 防掉发洗发水 ,N
573984983421,3916338671681, b2v 墨藻丝滑修护洗发水 ,N
559836708047,3752197751678, Batiste/碧缇丝 免水洗发喷雾多香型 ,N
597138515764,4322353071641, 日本进口资生堂惠润鲜花芳香绿野芳香男士女士600ml洗发露 洗发水 ,N
539194312886,4611686557621700790, 植观氨基酸蓬松洗发水修护护发素套装251g*2丰盈蓬松滋养修护头发 ,N
544802989589,3447969687822, SOFTTO/索芙特 防脱育发香波 ,N
591759356193,4158940648939, 韩国mba防脱发洗发水防脱增发密发生发神器男女士增长育发生发液 ,N
542242353309,4300969414530, EUSEMIA/欧善美 男士赋活洗发水 ,N
566231922607,4090505333636, A’Gensn/安安金纯 男士清爽控油洗发水 ,N
577989910548,4169239454955, Danz/丹姿 丹姿丝维丽香氛洗发乳（臻致修护） ,N
591893402098,4070488285152, EUSEMIA/欧善美 欧善美男士洗发露 ,N
547702587959,4035126582739, A’kin 迷迭香洗发水 ,N
593820634875,4104746361456, 霸王 姜汁温养去屑洗发液 ,N
576880799229,3798476276817, 日本资生堂丝蓓绮洗发水护发素套装315ml*2 男女士清爽控油去头屑 ,N
581440481175,4138273397759, syoss丝蕴无硅水润750ml洗发水男女洗护套装控油去屑水润保湿润发 ,N
15611846473,60060578240, ie点 活力固发洗护套组 ,N
570966455125,3685477080009, 丝域（化妆品） 桉净洗发露 ,N
580477731502,4031698782238, REVEUR 头皮养护型洗发水 ,N
563843949850,3937159328175, 隆力奇清爽控油洗发水正品家庭装男女士冼发去屑止痒去头屑洗头膏 ,N
532653857886,4036951225259, 杜兰轩尼丝 老姜乌黑浓密洗发浆 ,N
45597062957,87380017634, 罗曼诺正品无硅油洗发水沐浴露男套装去屑控油清凉薄荷洗发液男士 ,N
544578371698,4029049255078, 真姿彩香水洗发水1L+沐浴露1L持久留香洗沐套装 男女洗头水家庭装 ,N
560141830112,3497941041587, Leonor Greyl 植物均衡洗发露 ,N
530933232969,4611686549360620873, Mustela妙思乐婴幼儿洗发露200ml 温和无泪洗发水法国原装进口 ,N
578227987806,3823336488001, Perfumelife/香鉴 天然香氛洗发水 ,N
561168937597,4020917175594, SCENT LIBRARY/气味图书馆 香氛无硅油洗发露 ,N
556620744303,3854220460767, SYOSS/丝蕴 去油净屑洗发露 ,N
